Agarwal, Abhishek abhishekagarwal@email.arizona.edu
Alterman, Ryan Jacob altermanr@email.arizona.edu	Student	Aug 18, 2021 9:53 PM
Banerjee, Adi abanerjee@email.arizona.edu	Student	
Boyd, Carter Grile katur@email.arizona.edu	Student	
Brill, Nate Hunter nhbrill@email.arizona.edu	Student	
Carriere, Tanner Jonathan tannercarriere@email.arizona.edu	Student	
Chaudhry, Shane Duong shanechaudhry@email.arizona.edu	Student	Aug 21, 2021 9:07 AM
Clancy, Joseph Edward clancy1@email.arizona.edu	Student	
Dugger, Calvin Kelly calvind@email.arizona.edu	Student	Aug 17, 2021 11:21 PM
Dunning, Drew Michael amd10@email.arizona.edu	Student	
Florez, Zachary Saron zsf@email.arizona.edu	Student	Aug 18, 2021 3:00 PM
Gauthier, Joseph Gregory gauthierj@email.arizona.edu	Student	Aug 18, 2021 12:20 PM
Getz, Claire M clairegetz@email.arizona.edu	Student	Aug 18, 2021 8:07 PM
Goettel, Karsin Patricia kgoettel@email.arizona.edu	Student	Aug 18, 2021 10:09 AM
Greenberg, Ofer greenbergo@email.arizona.edu	Student	
Guard, Donovan L dguard@email.arizona.edu	Student	
Guardiola, Gerry gguardiola@email.arizona.edu	Student	Aug 21, 2021 1:46 AM
Hillis, Austin Cole austinhillis6@email.arizona.edu	Student	
Huang, Jiazheng jiazhenghuang@email.arizona.edu	Student	Aug 16, 2021 7:03 PM
Kanis, Erik erikkanis@email.arizona.edu	Student	
Kaplan, Brandon Chang brandonkaplan@email.arizona.edu	Student	
Khan, Sabiq Am sabiqkhan@email.arizona.edu	Student	
Lasalle, Jake jakelasalle@email.arizona.edu	Student	
Lau, Anthony Q anthonyqlau@email.arizona.edu	Student	
Lee, Jen-Hung jlee27@email.arizona.edu	Student	Aug 17, 2021 7:47 PM
Li, Gary garyli@email.arizona.edu	Student	
Loewen, Cameron Jacob cameronloewen@email.arizona.edu	Student	Aug 21, 2021 8:14 AM
Martinez, Christian cmartinez1738@email.arizona.edu	Student	
Nguyen, Quan Hoang An kyelse@email.arizona.edu	Student	
O'Connell, James Daniel oconnellj2@email.arizona.edu	Student	Aug 20, 2021 12:25 PM
Parish, Hannah Ruth hannahparish@email.arizona.edu	Student	Aug 18, 2021 1:51 PM
Qiu, Hangshuo hangshuoqiu@email.arizona.edu	Student	Aug 20, 2021 11:27 PM
Rea, Raymond Peter raymondprea@email.arizona.edu	Student	Aug 17, 2021 4:00 PM
Reed, Ash Roberta rachelreed@email.arizona.edu	Student	Aug 19, 2021 12:01 PM
Rounseville, Casey Alden caseyrounseville@email.arizona.edu	Student	
Ryngler, Daniel Jadon dryngler@email.arizona.edu	Student	
Scott, Drew Harrison drewscott@email.arizona.edu	Student	Aug 20, 2021 12:34 PM
Shimel, Joseph Michael josephs1203@email.arizona.edu	Student	
Smith, Brandon Lee blsmith86@email.arizona.edu	Student	Aug 17, 2021 8:44 AM
Smith, Kyle Matthew kylesmith@email.arizona.edu	Student	
Song, Chen lovesong196@email.arizona.edu	Student	
Storey, Carson Hunter Choate cstorey1@email.arizona.edu	Student	
Tran, Hung hungtr@email.arizona.edu	Student	
Tran, Minh leahtran193@email.arizona.edu	Student	Aug 20, 2021 7:03 PM
Urfer, Logan Cole lurfer@email.arizona.edu	Student	Aug 20, 2021 12:57 PM
van der Leeuw, Jacob C jvanderleeuw@email.arizona.edu	Student	Aug 19, 2021 3:01 PM
Vu, Nhat Quang puffvu@email.arizona.edu	Student	Aug 20, 2021 7:02 PM
Vukasin, Peter John pvukasin@email.arizona.edu	Student	
Webb, Parker Alan parkeralanwebb@email.arizona.edu	Student	Aug 18, 2021 10:58 PM
Whitmire, Casey Mae caseywhitmire@email.arizona.edu	Student	
Winans, Zachary Daniel zwinans@email.arizona.edu	Student	Aug 16, 2021 7:10 PM
Womack, Asahel G awomack22@email.arizona.edu	Student	
Wu, Yanxu yanxuwu@email.arizona.edu	Student	
Yadav, Mihir mihiry4@email.arizona.edu	Student	Aug 19, 2021 1:35 PM
Yang, Rubin Yuchan yuchan0401@email.arizona.edu	Student	Aug 19, 2021 10:58 AM
